field,type
gid,character
rid,character
uuid,character
CDTC050,numeric
CDTC054,numeric
CDTC052,numeric
CDTC051,numeric
CDTB278,numeric
CDTB283,numeric
CDTC047,numeric
CDTC044,numeric
CDTC048,numeric
CDTC049,numeric
CDTC041,numeric
CDTC040,numeric
CDTB263,numeric
CDTB265,numeric
CDTB267,numeric
CDTB273,numeric
CDTC033,numeric
CDTC034,numeric
CDTC035,numeric
CDTC036,numeric
CDTC037,numeric
CDTC038,numeric
CDTC039,numeric
CDTB298,numeric
CDTB299,numeric
CDTB296,numeric
CDTB297,numeric
CDTB286,numeric
CDTB287,numeric
CDTB288,numeric
CDTB292,numeric
CDTB295,numeric
CDTB291,numeric
CDTB233,numeric
CDTB232,numeric
CDTB230,numeric
CDTB237,numeric
CDTB236,numeric
CDTB235,numeric
CDTB234,numeric
CDTB239,numeric
CDTB238,numeric
CDTB240,numeric
CDTB220,numeric
CDTB222,numeric
CDTB221,numeric
CDTB224,numeric
CDTB223,numeric
CDTB226,numeric
CDTB228,numeric
CDTB258,numeric
CDTB257,numeric
CDTB256,numeric
CDTB255,numeric
CDTB254,numeric
CDTB253,numeric
CDTB252,numeric
CDTB261,numeric
CDTB260,numeric
CDTB246,numeric
CDTB245,numeric
CDTB248,numeric
CDTB247,numeric
CDTB242,numeric
CDTB241,numeric
CDTB244,numeric
CDTB243,numeric
CDTB249,numeric
CDTB250,numeric
CDTB251,numeric
CDTB216,numeric
CDTB217,numeric
CDTB218,numeric
CDTB219,numeric
CDTB212,numeric
CDTB213,numeric
CDTB214,numeric
CDTB215,numeric
CDTB210,numeric
CDTB211,numeric
CDTT107,numeric
CDTT106,numeric
CDTT105,numeric
CDTB209,numeric
CDTT104,numeric
CDTT103,numeric
CDTB207,numeric
CDTT102,numeric
CDTB208,numeric
CDTT101,numeric
CDTB205,numeric
CDTT100,numeric
CDTB206,numeric
CDTB203,numeric
CDTB204,numeric
CDTB201,numeric
CDTB202,numeric
CDTB200,numeric
CDTT109,numeric
CDTT108,numeric
CDMC098,numeric
CDMC099,numeric
CDMC090,numeric
CDMC091,numeric
CDMC092,numeric
CDMC093,numeric
CDMC094,numeric
CDMC095,numeric
CDMC096,numeric
CDMC097,numeric
CDMC089,numeric
CDMC087,numeric
CDMC088,numeric
CDMC081,numeric
CDMC082,numeric
CDMC080,numeric
CDMC085,numeric
CDMC086,numeric
CDMC083,numeric
CDMC084,numeric
CDMC060,numeric
CDMC062,numeric
CDMC061,numeric
CDTP150,numeric
CDMC064,numeric
CDMC063,numeric
CDMC066,numeric
CDMC065,numeric
CDMC068,numeric
CDMC067,numeric
CDMC069,numeric
CDTP159,numeric
CDTT080,numeric
CDTT085,numeric
CDTP151,numeric
CDTP152,numeric
CDTP153,numeric
CDTT088,numeric
CDTP154,numeric
CDTT081,numeric
CDTP155,numeric
CDTT082,numeric
CDTP156,numeric
CDTT083,numeric
CDTP157,numeric
CDTT084,numeric
CDTP158,numeric
CDMC071,numeric
CDMC070,numeric
CDTP161,numeric
CDMC075,numeric
CDMC074,numeric
CDTP160,numeric
CDTT079,numeric
CDMC073,numeric
CDTT078,numeric
CDMC072,numeric
CDMC079,numeric
CDMC078,numeric
CDMC077,numeric
CDMC076,numeric
CDTP164,numeric
CDTP162,numeric
CDTT075,numeric
CDTP163,numeric
CDTT072,numeric
CDTT070,numeric
CDTT071,numeric
CDTP167,numeric
CDTT068,numeric
CDMC040,numeric
CDTT067,numeric
CDMC042,numeric
CDTT069,numeric
CDMC041,numeric
CDMC048,numeric
CDMC047,numeric
CDMC049,numeric
CDMC044,numeric
CDMC043,numeric
CDMC046,numeric
CDMC045,numeric
CDTP137,numeric
CDTP138,numeric
CDTP139,numeric
CDTP133,numeric
CDTT060,numeric
CDTP134,numeric
CDTP135,numeric
CDTP136,numeric
CDTT063,numeric
CDTP130,numeric
CDTP131,numeric
CDTT066,numeric
CDTP132,numeric
CDTT059,numeric
CDMC053,numeric
CDTT058,numeric
CDMC052,numeric
CDTT057,numeric
CDMC051,numeric
CDTT056,numeric
CDMC050,numeric
CDMC059,numeric
CDMC058,numeric
CDMC057,numeric
CDMC056,numeric
CDMC055,numeric
CDMC054,numeric
CDTP148,numeric
CDTP149,numeric
CDTP146,numeric
CDTT051,numeric
CDTP147,numeric
CDTP144,numeric
CDTP145,numeric
CDTT054,numeric
CDTP142,numeric
CDTT055,numeric
CDTP143,numeric
CDTP140,numeric
CDTP141,numeric
CDMC021,numeric
CDMC022,numeric
CDMC023,numeric
CDMC024,numeric
CDMC025,numeric
CDMC026,numeric
CDMC027,numeric
CDMC028,numeric
CDMC230,numeric
CDMC233,numeric
CDMC234,numeric
CDTT045,numeric
CDMC235,numeric
CDTT046,numeric
CDMC236,numeric
CDTT047,numeric
CDMC020,numeric
CDMC237,numeric
CDTT048,numeric
CDTT042,numeric
CDMC227,numeric
CDTT041,numeric
CDTP110,numeric
CDTT044,numeric
CDTT043,numeric
CDTP112,numeric
CDTP111,numeric
CDTP114,numeric
CDTT040,numeric
CDTP113,numeric
CDMC019,numeric
CDTP116,numeric
CDMC018,numeric
CDTP115,numeric
CDTP118,numeric
CDTP117,numeric
CDMC034,numeric
CDMC035,numeric
CDMC032,numeric
CDMC033,numeric
CDMC038,numeric
CDMC039,numeric
CDMC036,numeric
CDMC037,numeric
CDMC221,numeric
CDMC222,numeric
CDMC220,numeric
CDTT039,numeric
CDMC225,numeric
CDMC030,numeric
CDTT036,numeric
CDMC226,numeric
CDMC031,numeric
CDMC223,numeric
CDMC224,numeric
CDMC219,numeric
CDTP121,numeric
CDTT033,numeric
CDMC218,numeric
CDTT032,numeric
CDMC217,numeric
CDTT031,numeric
CDMC216,numeric
CDTT030,numeric
CDTP125,numeric
CDTP124,numeric
CDTP129,numeric
CDTP128,numeric
CDTP127,numeric
CDMC029,numeric
CDTP126,numeric
CDMC003,numeric
CDMC004,numeric
CDMC005,numeric
CDMC006,numeric
CDMC001,numeric
CDMC002,numeric
CDMC212,numeric
CDTT023,numeric
CDMC213,numeric
CDMC214,numeric
CDMC215,numeric
CDTT026,numeric
CDTT027,numeric
CDTT028,numeric
CDMC210,numeric
CDTT029,numeric
CDMC211,numeric
CDMC209,numeric
CDMC206,numeric
CDTT020,numeric
CDMC205,numeric
CDMC208,numeric
CDMC207,numeric
CDMC016,numeric
CDMC017,numeric
CDMC014,numeric
CDMC015,numeric
CDMC012,numeric
CDMC013,numeric
CDMC010,numeric
CDMC011,numeric
CDMC203,numeric
CDCA008,numeric
CDTT014,numeric
CDMC204,numeric
CDTT015,numeric
CDMC201,numeric
CDTT012,numeric
CDMC202,numeric
CDTT013,numeric
CDTT018,numeric
CDMC200,numeric
CDTT019,numeric
CDTT016,numeric
CDTT017,numeric
CDTP103,numeric
CDTP102,numeric
CDTP101,numeric
CDTP100,numeric
CDTT011,numeric
CDTT010,numeric
CDTP109,numeric
CDMC009,numeric
CDTP106,numeric
CDMC008,numeric
CDMC007,numeric
CDMC277,numeric
CDMC276,numeric
CDMC275,numeric
CDMC274,numeric
CDMC279,numeric
CDMC278,numeric
CDMC273,numeric
CDMC272,numeric
CDMC271,numeric
CDMC270,numeric
CDMC264,numeric
CDMC263,numeric
CDMC266,numeric
CDMC265,numeric
CDMC268,numeric
CDMC267,numeric
CDMC269,numeric
CDMC260,numeric
CDMC262,numeric
CDMC261,numeric
CDMC249,numeric
CDMC259,numeric
CDMC258,numeric
CDMC257,numeric
CDMC256,numeric
CDMC255,numeric
CDMC254,numeric
CDMC253,numeric
CDMC252,numeric
CDMC251,numeric
CDMC250,numeric
CDMC238,numeric
CSSS003,numeric
CDMC239,numeric
CSSS002,numeric
CSSS001,numeric
CDMC246,numeric
CDMC245,numeric
CDMC248,numeric
CDMC247,numeric
CDMC242,numeric
CSWC001,numeric
CDTC005,numeric
CDTC004,numeric
CDTC007,numeric
CSWC002,numeric
CDTC006,numeric
CDTC001,numeric
CDTC003,numeric
CDTC002,numeric
CDTC009,numeric
CDTC008,numeric
CDTC010,numeric
CDTC014,numeric
CDTC013,numeric
CDTC012,numeric
CDTP177,numeric
CDTC011,numeric
CDTP176,numeric
CDTC018,numeric
CDTP175,numeric
CDTC017,numeric
CDTP174,numeric
CDTC016,numeric
CDTP173,numeric
CDTC015,numeric
CDTC019,numeric
CDMC294,numeric
CDMC293,numeric
CDMC290,numeric
CDMC291,numeric
CDTP171,numeric
CDTP172,numeric
CDTP170,numeric
CDMC298,numeric
CDTC020,numeric
CDTC021,numeric
CDMC297,numeric
CDTT093,numeric
CDTC023,numeric
CDTT092,numeric
CDTC022,numeric
CDTT095,numeric
CDTC025,numeric
CDTT094,numeric
CDTC024,numeric
CDTT097,numeric
CDTT096,numeric
CDTC026,numeric
CDTT099,numeric
CDTC029,numeric
CDTT098,numeric
CDTT091,numeric
CDMC281,numeric
CDMC282,numeric
CDMC283,numeric
CDMC284,numeric
CDMC280,numeric
CDMC285,numeric
CDMC286,numeric
CDMC287,numeric
CDMC288,numeric
CDTC032,numeric
CDTB179,numeric
CDTB177,numeric
CDTB178,numeric
CDTB175,numeric
CDTB176,numeric
CDCT024,numeric
CDTB185,numeric
CDTB184,numeric
CDTB183,numeric
CDTB182,numeric
CDTB181,numeric
CDTB180,numeric
CDTB168,numeric
CDTB169,numeric
CDTB164,numeric
CDTB165,numeric
CDTB166,numeric
CDTB167,numeric
CDCT015,numeric
CDCT016,numeric
CDCT023,numeric
CDCT022,numeric
CDCT021,numeric
CDCT020,numeric
CDTB172,numeric
CDTB171,numeric
CDTB174,numeric
CDTB173,numeric
CDTB170,numeric
CDTB155,numeric
CDTB156,numeric
CDTB154,numeric
CDTB159,numeric
CDTB157,numeric
CDTB158,numeric
CDTB163,numeric
CDTB162,numeric
CDTB161,numeric
CDTB160,numeric
CDTB142,numeric
CDTB149,numeric
CDTB139,numeric
CDTB136,numeric
CDTB135,numeric
CDTB134,numeric
CDTB133,numeric
CDTB132,numeric
CDTB131,numeric
pri_acct_no_conv,numeric
CDTB129,numeric
CDTB128,numeric
CDTB125,numeric
CDTB124,numeric
CDTB127,numeric
CDTB126,numeric
CDTB121,numeric
CDTB120,numeric
CDTB123,numeric
CDTB122,numeric
CDTB130,numeric
CDCT003,numeric
CDCT002,numeric
CDCT005,numeric
CDTB117,numeric
CDCT004,numeric
CDCT007,numeric
CDCT006,numeric
CDCT009,numeric
CDCT008,numeric
CDTB112,numeric
CDTB111,numeric
CDTB110,numeric
CDTB114,numeric
CDTB113,numeric
CDCT010,numeric
CDCT011,numeric
CDCT012,numeric
CDTB107,numeric
CDTB109,numeric
CDTB108,numeric
CDTB101,numeric
CDTB100,numeric
CDTB104,numeric
CDCT001,numeric
CDTT009,numeric
CDTT004,numeric
CDTT003,numeric
CDTT002,numeric
CDTT001,numeric
CDTT008,numeric
CDTT007,numeric
CDTT006,numeric
CDTT005,numeric
CDTB098,numeric
CDTB099,numeric
CDTB089,numeric
CDTB095,numeric
CDTB094,numeric
CDTB097,numeric
CDTB096,numeric
CDTB093,numeric
CDTB092,numeric
CDTB078,numeric
CDTB082,numeric
CDTB081,numeric
CDTB086,numeric
CDTB085,numeric
CDTB084,numeric
CDTB083,numeric
CDTB302,numeric
CDTB303,numeric
CDTB300,numeric
CDTB301,numeric
CDTB065,numeric
CDTB066,numeric
CDTB304,numeric
CDTB067,numeric
CDTB068,numeric
CDTB069,numeric
CDTB071,numeric
CDTB070,numeric
CDTB073,numeric
CDTB072,numeric
CDTB075,numeric
CDTB074,numeric
CDTB052,numeric
CDMC327,numeric
CDMC326,numeric
CDMC329,numeric
CDTB050,numeric
CDTB051,numeric
CDMC328,numeric
CDTP012,numeric
CDMC333,numeric
CDTB046,numeric
CDTP013,numeric
CDMC334,numeric
CDTB045,numeric
CDTP014,numeric
CDMC335,numeric
CDTB044,numeric
CDMC336,numeric
CDTP015,numeric
CDMC330,numeric
CDTB049,numeric
CDMC331,numeric
CDTB048,numeric
CDMC332,numeric
CDTB047,numeric
CDTP016,numeric
CDTP017,numeric
CDTP018,numeric
CDTP019,numeric
CDMC319,numeric
CDTB060,numeric
CDMC318,numeric
CDTB061,numeric
CDTB062,numeric
CDTB063,numeric
CDTB064,numeric
CDMC315,numeric
CDMC324,numeric
CDTB055,numeric
CDMC325,numeric
CDMC322,numeric
CDTP024,numeric
CDTP021,numeric
CDTB059,numeric
CDMC321,numeric
CDTB058,numeric
CDTP020,numeric
CDTP029,numeric
CDTP027,numeric
CDTP028,numeric
CDTB030,numeric
CDTB031,numeric
CDTP030,numeric
CDTP031,numeric
CDTB027,numeric
CDTP032,numeric
CDTP033,numeric
CDTP034,numeric
CDTB024,numeric
CDTP035,numeric
CDTB023,numeric
CDTP036,numeric
CDTB022,numeric
CDTP037,numeric
CDTB021,numeric
CDTP038,numeric
CDTB041,numeric
CDMC337,numeric
CDTB037,numeric
CDTP044,numeric
CDTB036,numeric
CDTP041,numeric
CDTB038,numeric
CDTP047,numeric
CDTB033,numeric
CDTP048,numeric
CDTB032,numeric
CDTP045,numeric
CDTB035,numeric
CDTP046,numeric
CDTB034,numeric
CDTP049,numeric
CDTB009,numeric
CDTB007,numeric
CDTB008,numeric
CDTB001,numeric
CDTB002,numeric
CDTB005,numeric
CDTB006,numeric
CDTB003,numeric
CDTB004,numeric
CDTB020,numeric
CDTB018,numeric
CDTB019,numeric
CDTB012,numeric
CDTB015,numeric
CDTB016,numeric
CDTB017,numeric
CDMC304,numeric
CDMC305,numeric
CDMC110,numeric
CDMC111,numeric
CDMC307,numeric
CDMC112,numeric
CDMC113,numeric
CDMC308,numeric
CDMC114,numeric
CDMC115,numeric
CDMC116,numeric
account_no,numeric
CDMC107,numeric
CDMC106,numeric
CDMC109,numeric
CDMC108,numeric
CDMC312,numeric
CDMC311,numeric
CDMC314,numeric
CDMC100,numeric
CDMC101,numeric
CDMC104,numeric
CDMC105,numeric
CDMC102,numeric
CDMC103,numeric
CDTP006,numeric
CDTP005,numeric
CDTP009,numeric
CDTP004,numeric
CDTP003,numeric
CDMC301,numeric
CDTP002,numeric
CDMC300,numeric
CDTP001,numeric
yearmonth,numeric
CDTP098,numeric
CDTP099,numeric
CDMC128,numeric
CDTP096,numeric
CDTP097,numeric
CDMC129,numeric
CDMC130,numeric
CDMC138,numeric
CDTP095,numeric
CDMC137,numeric
CDTP094,numeric
CDMC136,numeric
CDTP093,numeric
CDMC135,numeric
CDTP092,numeric
CDMC134,numeric
CDTP091,numeric
CDMC133,numeric
CDMC132,numeric
CDMC131,numeric
CDMC117,numeric
CDMC118,numeric
CDMC119,numeric
CDMC125,numeric
CDMC124,numeric
CDMC127,numeric
CDMC126,numeric
CDMC121,numeric
CDMC120,numeric
CDMC123,numeric
CDMC122,numeric
CSSP001,numeric
CSSP002,numeric
CSSP003,numeric
CSRL004,numeric
CDMC152,numeric
CDMC151,numeric
CSRL002,numeric
CDMC150,numeric
CSRL003,numeric
CDMC156,numeric
CSRL001,numeric
CDMC155,numeric
CDMC154,numeric
CDMC153,numeric
CDMC159,numeric
CDMC158,numeric
CDMC157,numeric
CDMC139,numeric
CDMC141,numeric
CDMC140,numeric
CDMC143,numeric
CDMC142,numeric
CDMC145,numeric
CDMC144,numeric
CDMC147,numeric
CDMC146,numeric
CDMC149,numeric
CDMC148,numeric
CDTP059,numeric
CDTP058,numeric
CDTP055,numeric
CDTP052,numeric
CDTP050,numeric
CDTP051,numeric
CDMC179,numeric
CDMC177,numeric
CDMC178,numeric
CDMC175,numeric
CDMC176,numeric
CDMC173,numeric
CDMC174,numeric
CDMC171,numeric
CDMC172,numeric
CDMC170,numeric
CDTP068,numeric
CDTP067,numeric
CDTP069,numeric
CDTP064,numeric
CDTP063,numeric
CDTP066,numeric
CDTP065,numeric
CDMC168,numeric
CDTP060,numeric
CDMC169,numeric
CDTP061,numeric
CDTP062,numeric
CDMC164,numeric
CDMC165,numeric
CDMC166,numeric
CDMC167,numeric
CDMC160,numeric
CDMC161,numeric
CDMC162,numeric
CDMC163,numeric
CDTB195,numeric
CDTB196,numeric
CDTB193,numeric
CDTB194,numeric
CDTB191,numeric
CDTB192,numeric
CDTB190,numeric
CDTP077,numeric
CDTP076,numeric
CDTP079,numeric
CDTP078,numeric
CDMC199,numeric
CDMC197,numeric
CDMC198,numeric
CDTP073,numeric
CDTP070,numeric
CDMC191,numeric
CDMC192,numeric
CDMC190,numeric
CDTB189,numeric
CDMC195,numeric
CDTB188,numeric
CDMC196,numeric
CDTB187,numeric
CDMC193,numeric
CDTB186,numeric
CDMC194,numeric
CDTP085,numeric
CDTP088,numeric
CDMC186,numeric
CDMC187,numeric
CDMC188,numeric
CDTP080,numeric
CDMC189,numeric
CDTP081,numeric
CDTP082,numeric
CDMC180,numeric
CDMC181,numeric
CDTB198,numeric
CDMC182,numeric
CDTB197,numeric
CDMC183,numeric
CDMC184,numeric
CDTB199,numeric
CDMC185,numeric
CDMC010_1_DIFF_CDMC011_6,numeric
CDMC105_1_DIFF_CDMC106_12,numeric
CDMC266_1_DIFF_CDMC267_6,numeric
CDMC264_1_DIFF_CDMC265_6,numeric
CDMC109_1_DIFF_CDMC110_12,numeric
CDMC107_1_DIFF_CDMC108_12,numeric
CDMC220_1_DIFF_CDMC221_6,numeric
CDMC218_1_DIFF_CDMC219_6,numeric
CDMC076_1_DIFF_CDMC077_6,numeric
CDMC074_1_DIFF_CDMC075_6,numeric
CDMC060_1_DIFF_CDMC061_6,numeric
CDMC058_1_DIFF_CDMC059_6,numeric
CDMC336_1_DIFF_CDMC337_6,numeric
CDMC334_1_DIFF_CDMC335_6,numeric
CDMC250_1_DIFF_CDMC251_6,numeric
CDMC273_1_DIFF_CDMC274_6,numeric
CDMC275_1_DIFF_CDMC276_6,numeric
CDMC298_1_DIFF_CDMC300_6,numeric
CDMC297_1_DIFF_CDMC301_6,numeric
CDMC305_1_DIFF_CDMC307_6,numeric
CDMC304_1_DIFF_CDMC308_6,numeric
CDMC312_1_DIFF_CDMC314_6,numeric
CDMC311_1_DIFF_CDMC315_6,numeric
CDMC319_1_DIFF_CDMC321_6,numeric
CDMC318_1_DIFF_CDMC322_6,numeric
CDMC291_1_DIFF_CDMC293_6,numeric
CDMC290_1_DIFF_CDMC294_6,numeric
CDMC332_1_DIFF_CDMC333_6,numeric
CDMC330_1_DIFF_CDMC331_6,numeric
CDMC114_1_DIFF_CDMC115_6,numeric
CDMC192_1_DIFF_CDMC193_6,numeric
CDMC190_1_DIFF_CDMC191_6,numeric
CDMC152_1_DIFF_CDMC153_12,numeric
CDMC150_1_DIFF_CDMC151_12,numeric
CDMC020_1_DIFF_CDMC021_3,numeric
CDMC018_1_DIFF_CDMC019_3,numeric
CDMC261_1_DIFF_CDMC262_6,numeric
CDMC037_1_DIFF_CDMC038_6,numeric
CDMC038_6_DIFF_CDMC039_12,numeric
CDMC034_1_DIFF_CDMC035_6,numeric
CDMC035_6_DIFF_CDMC036_12,numeric
CDMC087_1_DIFF_CDMC088_6,numeric
CDMC088_6_DIFF_CDMC089_12,numeric
CDMC084_1_DIFF_CDMC085_6,numeric
CDMC085_6_DIFF_CDMC086_12,numeric
CDMC209_1_DIFF_CDMC210_6,numeric
CDMC210_6_DIFF_CDMC211_12,numeric
CDMC206_1_DIFF_CDMC207_6,numeric
CDMC207_6_DIFF_CDMC208_12,numeric
CDMC065_1_DIFF_CDMC066_6,numeric
CDMC066_6_DIFF_CDMC067_12,numeric
CDMC062_1_DIFF_CDMC063_6,numeric
CDMC063_6_DIFF_CDMC064_12,numeric
CDMC004_1_DIFF_CDMC005_6,numeric
CDMC005_6_DIFF_CDMC006_12,numeric
CDMC001_1_DIFF_CDMC002_6,numeric
CDMC002_6_DIFF_CDMC003_12,numeric
CDMC007_1_DIFF_CDMC008_6,numeric
CDMC008_6_DIFF_CDMC009_12,numeric
CDMC102_1_DIFF_CDMC103_6,numeric
CDMC103_6_DIFF_CDMC104_12,numeric
CDMC163_1_DIFF_CDMC164_6,numeric
CDMC164_6_DIFF_CDMC165_12,numeric
CDMC160_1_DIFF_CDMC161_6,numeric
CDMC161_6_DIFF_CDMC162_12,numeric
CDMC215_1_DIFF_CDMC216_6,numeric
CDMC216_6_DIFF_CDMC217_12,numeric
CDMC212_1_DIFF_CDMC213_6,numeric
CDMC213_6_DIFF_CDMC214_12,numeric
CDMC135_1_DIFF_CDMC136_6,numeric
CDMC136_6_DIFF_CDMC137_12,numeric
CDMC132_1_DIFF_CDMC133_6,numeric
CDMC133_6_DIFF_CDMC134_12,numeric
CDMC141_1_DIFF_CDMC142_6,numeric
CDMC142_6_DIFF_CDMC143_12,numeric
CDMC138_1_DIFF_CDMC139_6,numeric
CDMC139_6_DIFF_CDMC140_12,numeric
CDMC147_1_DIFF_CDMC148_6,numeric
CDMC148_6_DIFF_CDMC149_12,numeric
CDMC144_1_DIFF_CDMC145_6,numeric
CDMC145_6_DIFF_CDMC146_12,numeric
CDMC247_1_DIFF_CDMC248_6,numeric
CDMC248_6_DIFF_CDMC249_12,numeric
CDMC071_1_DIFF_CDMC072_6,numeric
CDMC072_6_DIFF_CDMC073_12,numeric
CDMC068_1_DIFF_CDMC069_6,numeric
CDMC069_6_DIFF_CDMC070_12,numeric
CDMC169_1_DIFF_CDMC170_6,numeric
CDMC170_6_DIFF_CDMC171_12,numeric
CDMC166_1_DIFF_CDMC167_6,numeric
CDMC167_6_DIFF_CDMC168_12,numeric
CDMC043_1_DIFF_CDMC044_6,numeric
CDMC044_6_DIFF_CDMC045_12,numeric
CDMC040_1_DIFF_CDMC041_6,numeric
CDMC041_6_DIFF_CDMC042_12,numeric
CDMC093_1_DIFF_CDMC094_6,numeric
CDMC094_6_DIFF_CDMC095_12,numeric
CDMC090_1_DIFF_CDMC091_6,numeric
CDMC091_6_DIFF_CDMC092_12,numeric
CDMC181_1_DIFF_CDMC182_6,numeric
CDMC182_6_DIFF_CDMC183_12,numeric
CDMC178_1_DIFF_CDMC179_6,numeric
CDMC179_6_DIFF_CDMC180_12,numeric
CDMC111_1_DIFF_CDMC112_6,numeric
CDMC112_6_DIFF_CDMC113_12,numeric
CDMC157_1_DIFF_CDMC158_6,numeric
CDMC158_6_DIFF_CDMC159_12,numeric
CDMC154_1_DIFF_CDMC155_6,numeric
CDMC155_6_DIFF_CDMC156_12,numeric
CDMC255_1_DIFF_CDMC256_6,numeric
CDMC256_6_DIFF_CDMC257_12,numeric
CDMC252_1_DIFF_CDMC253_6,numeric
CDMC253_6_DIFF_CDMC254_12,numeric
CDMC081_1_DIFF_CDMC082_6,numeric
CDMC082_6_DIFF_CDMC083_12,numeric
CDMC078_1_DIFF_CDMC079_6,numeric
CDMC079_6_DIFF_CDMC080_12,numeric
CDMC049_1_DIFF_CDMC050_6,numeric
CDMC050_6_DIFF_CDMC051_12,numeric
CDMC046_1_DIFF_CDMC047_6,numeric
CDMC047_6_DIFF_CDMC048_12,numeric
CDMC175_1_DIFF_CDMC176_6,numeric
CDMC176_6_DIFF_CDMC177_12,numeric
CDMC172_1_DIFF_CDMC173_6,numeric
CDMC173_6_DIFF_CDMC174_12,numeric
CDMC123_1_DIFF_CDMC124_6,numeric
CDMC124_6_DIFF_CDMC125_12,numeric
CDMC120_1_DIFF_CDMC121_6,numeric
CDMC121_6_DIFF_CDMC122_12,numeric
CDMC099_1_DIFF_CDMC100_6,numeric
CDMC100_6_DIFF_CDMC101_12,numeric
CDMC097_1_DIFF_CDMC096_6,numeric
CDMC096_6_DIFF_CDMC098_12,numeric
CDMC197_1_DIFF_CDMC198_6,numeric
CDMC198_6_DIFF_CDMC199_12,numeric
CDMC194_1_DIFF_CDMC195_6,numeric
CDMC195_6_DIFF_CDMC196_12,numeric
CDMC015_1_DIFF_CDMC016_6,numeric
CDMC016_6_DIFF_CDMC017_12,numeric
CDMC012_1_DIFF_CDMC013_6,numeric
CDMC013_6_DIFF_CDMC014_12,numeric
CDMC258_1_DIFF_CDMC259_6,numeric
CDMC259_6_DIFF_CDMC260_12,numeric
CDMC129_1_DIFF_CDMC130_6,numeric
CDMC130_6_DIFF_CDMC131_12,numeric
CDMC126_1_DIFF_CDMC127_6,numeric
CDMC127_6_DIFF_CDMC128_12,numeric
CDMC031_1_DIFF_CDMC032_6,numeric
CDMC032_6_DIFF_CDMC033_12,numeric
CDMC028_1_DIFF_CDMC029_6,numeric
CDMC029_6_DIFF_CDMC030_12,numeric
CDMC203_1_DIFF_CDMC204_6,numeric
CDMC204_6_DIFF_CDMC205_12,numeric
CDMC200_1_DIFF_CDMC201_6,numeric
CDMC201_6_DIFF_CDMC202_12,numeric
CDMC055_1_DIFF_CDMC056_6,numeric
CDMC056_6_DIFF_CDMC057_12,numeric
CDMC052_1_DIFF_CDMC053_6,numeric
CDMC053_6_DIFF_CDMC054_12,numeric
CDMC187_1_DIFF_CDMC188_6,numeric
CDMC188_6_DIFF_CDMC189_12,numeric
CDMC184_1_DIFF_CDMC185_6,numeric
CDMC185_6_DIFF_CDMC186_12,numeric
CDMC025_1_DIFF_CDMC026_6,numeric
CDMC026_6_DIFF_CDMC027_12,numeric
CDMC022_1_DIFF_CDMC023_6,numeric
CDMC023_6_DIFF_CDMC024_12,numeric
CDMC038_DIFF2_CDMC039,numeric
CDMC035_DIFF2_CDMC036,numeric
CDMC088_DIFF2_CDMC089,numeric
CDMC085_DIFF2_CDMC086,numeric
CDMC210_DIFF2_CDMC211,numeric
CDMC207_DIFF2_CDMC208,numeric
CDMC066_DIFF2_CDMC067,numeric
CDMC063_DIFF2_CDMC064,numeric
CDMC005_DIFF2_CDMC006,numeric
CDMC002_DIFF2_CDMC003,numeric
CDMC008_DIFF2_CDMC009,numeric
CDMC103_DIFF2_CDMC104,numeric
CDMC164_DIFF2_CDMC165,numeric
CDMC161_DIFF2_CDMC162,numeric
CDMC216_DIFF2_CDMC217,numeric
CDMC213_DIFF2_CDMC214,numeric
CDMC136_DIFF2_CDMC137,numeric
CDMC133_DIFF2_CDMC134,numeric
CDMC142_DIFF2_CDMC143,numeric
CDMC139_DIFF2_CDMC140,numeric
CDMC148_DIFF2_CDMC149,numeric
CDMC145_DIFF2_CDMC146,numeric
CDMC248_DIFF2_CDMC249,numeric
CDMC072_DIFF2_CDMC073,numeric
CDMC069_DIFF2_CDMC070,numeric
CDMC170_DIFF2_CDMC171,numeric
CDMC167_DIFF2_CDMC168,numeric
CDMC044_DIFF2_CDMC045,numeric
CDMC041_DIFF2_CDMC042,numeric
CDMC094_DIFF2_CDMC095,numeric
CDMC091_DIFF2_CDMC092,numeric
CDMC182_DIFF2_CDMC183,numeric
CDMC179_DIFF2_CDMC180,numeric
CDMC112_DIFF2_CDMC113,numeric
CDMC158_DIFF2_CDMC159,numeric
CDMC155_DIFF2_CDMC156,numeric
CDMC256_DIFF2_CDMC257,numeric
CDMC253_DIFF2_CDMC254,numeric
CDMC082_DIFF2_CDMC083,numeric
CDMC079_DIFF2_CDMC080,numeric
CDMC050_DIFF2_CDMC051,numeric
CDMC047_DIFF2_CDMC048,numeric
CDMC176_DIFF2_CDMC177,numeric
CDMC173_DIFF2_CDMC174,numeric
CDMC124_DIFF2_CDMC125,numeric
CDMC121_DIFF2_CDMC122,numeric
CDMC100_DIFF2_CDMC101,numeric
CDMC096_DIFF2_CDMC098,numeric
CDMC198_DIFF2_CDMC199,numeric
CDMC195_DIFF2_CDMC196,numeric
CDMC016_DIFF2_CDMC017,numeric
CDMC013_DIFF2_CDMC014,numeric
CDMC259_DIFF2_CDMC260,numeric
CDMC130_DIFF2_CDMC131,numeric
CDMC127_DIFF2_CDMC128,numeric
CDMC032_DIFF2_CDMC033,numeric
CDMC029_DIFF2_CDMC030,numeric
CDMC204_DIFF2_CDMC205,numeric
CDMC201_DIFF2_CDMC202,numeric
CDMC056_DIFF2_CDMC057,numeric
CDMC053_DIFF2_CDMC054,numeric
CDMC188_DIFF2_CDMC189,numeric
CDMC185_DIFF2_CDMC186,numeric
CDMC026_DIFF2_CDMC027,numeric
CDMC023_DIFF2_CDMC024,numeric
CDMC490_divide_1,numeric
CDMC492_divide_6,numeric
CDMC494_divide_12,numeric
CDMC496_divide_1,numeric
CDMC498_divide_6,numeric
CDMC500_divide_12,numeric
CDMC426_divide_1,numeric
CDMC428_divide_6,numeric
CDMC430_divide_12,numeric
CDMC432_divide_1,numeric
CDMC434_divide_6,numeric
CDMC436_divide_12,numeric
CDMC934_divide_1,numeric
CDMC936_divide_1,numeric
CDMC675_divide_1,numeric
CDMC677_divide_6,numeric
CDMC682_divide_12,numeric
CDMC686_divide_1,numeric
CDMC690_divide_6,numeric
CDMC694_divide_12,numeric
CDMC1175_divide_1,numeric
CDMC1173_divide_1,numeric
CDMC616_divide_1,numeric
CDMC618_divide_6,numeric
CDMC620_divide_12,numeric
CDMC622_divide_1,numeric
CDMC624_divide_6,numeric
CDMC626_divide_12,numeric
CDMC632_divide_1,numeric
CDMC634_divide_6,numeric
CDMC636_divide_12,numeric
CDMC638_divide_1,numeric
CDMC640_divide_6,numeric
CDMC642_divide_12,numeric
CDMC747_divide_1,numeric
CDMC749_divide_6,numeric
CDMC748_divide_1,numeric
CDMC708_divide_1,numeric
CDMC710_divide_6,numeric
CDMC712_divide_12,numeric
CDMC714_divide_1,numeric
CDMC716_divide_6,numeric
CDMC718_divide_12,numeric
CDMC870_divide_1,numeric
CDMC875_divide_12,numeric
CDMC878_divide_1,numeric
CDMC656_divide_1,numeric
CDMC658_divide_6,numeric
CDMC660_divide_12,numeric
CDMC662_divide_1,numeric
CDMC664_divide_6,numeric
CDMC666_divide_12,numeric
CDMC21372_divide_1,numeric
CDMC21378_divide_6,numeric
CDMC21384_divide_12,numeric
CDMC21390_divide_1,numeric
CDMC21396_divide_6,numeric
CDMC21402_divide_12,numeric
CDMC22419_divide_1,numeric
CDMC22426_divide_1,numeric
CDMC22161_divide_1,numeric
CDMC22168_divide_6,numeric
CDMC22178_divide_12,numeric
CDMC22187_divide_1,numeric
CDMC22196_divide_6,numeric
CDMC22205_divide_12,numeric
CDMC001_divide_CDMC004,numeric
CDMC002_divide_CDMC005,numeric
CDMC003_divide_CDMC006,numeric
CDMC007_divide_CDMC010,numeric
CDMC008_divide_CDMC011,numeric
CDMC012_divide_CDMC015,numeric
CDMC013_divide_CDMC016,numeric
CDMC014_divide_CDMC017,numeric
CDMC018_divide_CDMC020,numeric
CDMC019_divide_CDMC021,numeric
CDMC022_divide_CDMC025,numeric
CDMC023_divide_CDMC026,numeric
CDMC024_divide_CDMC027,numeric
CDMC028_divide_CDMC031,numeric
CDMC029_divide_CDMC032,numeric
CDMC030_divide_CDMC033,numeric
CDMC034_divide_CDMC037,numeric
CDMC035_divide_CDMC038,numeric
CDMC036_divide_CDMC039,numeric
CDMC040_divide_CDMC043,numeric
CDMC041_divide_CDMC044,numeric
CDMC042_divide_CDMC045,numeric
CDMC046_divide_CDMC049,numeric
CDMC047_divide_CDMC050,numeric
CDMC048_divide_CDMC051,numeric
CDMC052_divide_CDMC055,numeric
CDMC053_divide_CDMC056,numeric
CDMC054_divide_CDMC057,numeric
CDMC058_divide_CDMC060,numeric
CDMC059_divide_CDMC061,numeric
CDMC062_divide_CDMC065,numeric
CDMC063_divide_CDMC066,numeric
CDMC064_divide_CDMC067,numeric
CDMC068_divide_CDMC071,numeric
CDMC069_divide_CDMC072,numeric
CDMC070_divide_CDMC073,numeric
CDMC074_divide_CDMC076,numeric
CDMC075_divide_CDMC077,numeric
CDMC078_divide_CDMC081,numeric
CDMC079_divide_CDMC082,numeric
CDMC080_divide_CDMC083,numeric
CDMC084_divide_CDMC087,numeric
CDMC085_divide_CDMC088,numeric
CDMC086_divide_CDMC089,numeric
CDMC090_divide_CDMC093,numeric
CDMC091_divide_CDMC094,numeric
CDMC092_divide_CDMC095,numeric
CDMC096_divide_CDMC100,numeric
CDMC097_divide_CDMC099,numeric
CDMC098_divide_CDMC101,numeric
CDMC102_divide_CDMC105,numeric
CDMC104_divide_CDMC106,numeric
CDMC107_divide_CDMC109,numeric
CDMC108_divide_CDMC110,numeric
CDMC111_divide_CDMC114,numeric
CDMC112_divide_CDMC115,numeric
CDMC116_divide_CDMC118,numeric
CDMC117_divide_CDMC119,numeric
CDMC120_divide_CDMC123,numeric
CDMC121_divide_CDMC124,numeric
CDMC122_divide_CDMC125,numeric
CDMC126_divide_CDMC129,numeric
CDMC127_divide_CDMC130,numeric
CDMC128_divide_CDMC131,numeric
CDMC132_divide_CDMC135,numeric
CDMC133_divide_CDMC136,numeric
CDMC134_divide_CDMC137,numeric
CDMC138_divide_CDMC141,numeric
CDMC139_divide_CDMC142,numeric
CDMC140_divide_CDMC143,numeric
CDMC144_divide_CDMC147,numeric
CDMC145_divide_CDMC148,numeric
CDMC146_divide_CDMC149,numeric
CDMC150_divide_CDMC152,numeric
CDMC151_divide_CDMC153,numeric
CDMC154_divide_CDMC157,numeric
CDMC155_divide_CDMC158,numeric
CDMC156_divide_CDMC159,numeric
CDMC160_divide_CDMC163,numeric
CDMC161_divide_CDMC164,numeric
CDMC162_divide_CDMC165,numeric
CDMC166_divide_CDMC169,numeric
CDMC167_divide_CDMC170,numeric
CDMC168_divide_CDMC171,numeric
CDMC172_divide_CDMC175,numeric
CDMC173_divide_CDMC176,numeric
CDMC174_divide_CDMC177,numeric
CDMC178_divide_CDMC181,numeric
CDMC179_divide_CDMC182,numeric
CDMC180_divide_CDMC183,numeric
CDMC184_divide_CDMC187,numeric
CDMC185_divide_CDMC188,numeric
CDMC186_divide_CDMC189,numeric
CDMC190_divide_CDMC192,numeric
CDMC191_divide_CDMC193,numeric
CDMC194_divide_CDMC197,numeric
CDMC195_divide_CDMC198,numeric
CDMC196_divide_CDMC199,numeric
CDMC200_divide_CDMC203,numeric
CDMC201_divide_CDMC204,numeric
CDMC202_divide_CDMC205,numeric
CDMC206_divide_CDMC209,numeric
CDMC207_divide_CDMC210,numeric
CDMC208_divide_CDMC211,numeric
CDMC212_divide_CDMC215,numeric
CDMC213_divide_CDMC216,numeric
CDMC214_divide_CDMC217,numeric
CDMC218_divide_CDMC220,numeric
CDMC219_divide_CDMC221,numeric
CDMC222_divide_CDMC234,numeric
CDMC247_divide_CDMC250,numeric
CDMC248_divide_CDMC251,numeric
CDMC252_divide_CDMC255,numeric
CDMC253_divide_CDMC256,numeric
CDMC254_divide_CDMC257,numeric
CDMC258_divide_CDMC261,numeric
CDMC259_divide_CDMC262,numeric
CDMC264_divide_CDMC266,numeric
CDMC265_divide_CDMC267,numeric
CDMC269_divide_CDMC271,numeric
CDMC270_divide_CDMC268,numeric
CDMC275_divide_CDMC273,numeric
CDMC276_divide_CDMC274,numeric
CDMC277_divide_CDMC278,numeric
CDMC281_divide_CDMC282,numeric
CDMC283_divide_CDMC284,numeric
CDMC330_divide_CDMC332,numeric
CDMC331_divide_CDMC333,numeric
CDMC334_divide_CDMC336,numeric
CDMC335_divide_CDMC337,numeric
CDMC490,numeric
CDMC492,numeric
CDMC494,numeric
CDMC496,numeric
CDMC498,numeric
CDMC500,numeric
CDMC490_divide_CDMC496,numeric
CDMC492_divide_CDMC498,numeric
CDMC494_divide_CDMC500,numeric
CDMC426,numeric
CDMC428,numeric
CDMC430,numeric
CDMC432,numeric
CDMC434,numeric
CDMC436,numeric
CDMC426_divide_CDMC432,numeric
CDMC428_divide_CDMC434,numeric
CDMC430_divide_CDMC436,numeric
CDMC934,numeric
CDMC936,numeric
CDMC934_divide_CDMC936,numeric
CDMC675,numeric
CDMC677,numeric
CDMC682,numeric
CDMC686,numeric
CDMC690,numeric
CDMC694,numeric
CDMC675_divide_CDMC686,numeric
CDMC677_divide_CDMC690,numeric
CDMC682_divide_CDMC694,numeric
CDMC1175,numeric
CDMC1173,numeric
CDMC1173_divide_CDMC1175,numeric
CDMC616,numeric
CDMC618,numeric
CDMC620,numeric
CDMC622,numeric
CDMC624,numeric
CDMC626,numeric
CDMC616_divide_CDMC622,numeric
CDMC618_divide_CDMC624,numeric
CDMC620_divide_CDMC626,numeric
CDMC632,numeric
CDMC634,numeric
CDMC636,numeric
CDMC638,numeric
CDMC640,numeric
CDMC642,numeric
CDMC632_divide_CDMC638,numeric
CDMC634_divide_CDMC640,numeric
CDMC636_divide_CDMC642,numeric
CDMC747,numeric
CDMC749,numeric
CDMC748,numeric
CDMC747_divide_CDMC748,numeric
CDMC708,numeric
CDMC710,numeric
CDMC712,numeric
CDMC714,numeric
CDMC716,numeric
CDMC718,numeric
CDMC708_divide_CDMC714,numeric
CDMC710_divide_CDMC716,numeric
CDMC712_divide_CDMC718,numeric
CDMC870,numeric
CDMC875,numeric
CDMC878,numeric
CDMC883,numeric
CDMC870_divide_CDMC878,numeric
CDMC875_divide_CDMC883,numeric
CDMC656,numeric
CDMC658,numeric
CDMC660,numeric
CDMC662,numeric
CDMC664,numeric
CDMC666,numeric
CDMC21372,numeric
CDMC21378,numeric
CDMC21384,numeric
CDMC21390,numeric
CDMC21396,numeric
CDMC21402,numeric
CDMC21372_divide_CDMC21390,numeric
CDMC21378_divide_CDMC21396,numeric
CDMC21384_divide_CDMC21402,numeric
CDMC22419,numeric
CDMC22426,numeric
CDMC22161,numeric
CDMC22168,numeric
CDMC22178,numeric
CDMC22187,numeric
CDMC22196,numeric
CDMC22205,numeric
CDMC22161_divide_CDMC22187,numeric
CDMC22168_divide_CDMC22196,numeric
CDMC22178_divide_CDMC22205,numeric
CDCT004_divide_CDCT007,numeric
CDCT005_divide_CDCT008,numeric
CDCT006_divide_CDCT009,numeric
CDTB001_divide_CDTB016,numeric
CDTB002_divide_CDTB017,numeric
CDTB003_divide_CDTB018,numeric
CDTB004_divide_CDTB019,numeric
CDTB031_divide_CDTB045,numeric
CDTB032_divide_CDTB046,numeric
CDTB033_divide_CDTB047,numeric
CDTB059_divide_CDTB062,numeric
CDTB060_divide_CDTB063,numeric
CDTB061_divide_CDTB064,numeric
CDTB065_divide_CDTB066,numeric
CDTB154_divide_CDTB156,numeric
CDTB155_divide_CDTB157,numeric
CDTB158_divide_CDTB180,numeric
CDTB159_divide_CDTB181,numeric
CDTB160_divide_CDTB182,numeric
CDTB161_divide_CDTB183,numeric
CDTB162_divide_CDTB184,numeric
CDTB163_divide_CDTB185,numeric
CDTB164_divide_CDTB186,numeric
CDTB165_divide_CDTB187,numeric
CDTB166_divide_CDTB188,numeric
CDTB167_divide_CDTB189,numeric
CDTB168_divide_CDTB190,numeric
CDTB169_divide_CDTB191,numeric
CDTB170_divide_CDTB192,numeric
CDTB171_divide_CDTB193,numeric
CDTB172_divide_CDTB194,numeric
CDTB173_divide_CDTB195,numeric
CDTB174_divide_CDTB196,numeric
CDTB175_divide_CDTB197,numeric
CDTB176_divide_CDTB198,numeric
CDTB177_divide_CDTB199,numeric
CDTB178_divide_CDTB200,numeric
CDTB179_divide_CDTB201,numeric
CDTB208_divide_CDTB202,numeric
CDTB209_divide_CDTB204,numeric
CDTB210_divide_CDTB206,numeric
CDTB211_divide_CDTB213,numeric
CDTB212_divide_CDTB214,numeric
CDTB241_divide_CDTB244,numeric
CDTB242_divide_CDTB245,numeric
CDTB243_divide_CDTB246,numeric
CDTB247_divide_CDTB249,numeric
CDTB248_divide_CDTB250,numeric
CDTB291_divide_CDTB295,numeric
CDTB292_divide_CDTB296,numeric
CDTC001_divide_CDTC004,numeric
CDTC002_divide_CDTC005,numeric
CDTC003_divide_CDTC006,numeric
CDTC007_divide_CDTC009,numeric
CDTC008_divide_CDTC010,numeric
CDTC011_divide_CDTC013,numeric
CDTC012_divide_CDTC014,numeric
CDTC021_divide_CDTC036,numeric
CDTC033_divide_CDTC048,numeric
CDTC034_divide_CDTC049,numeric
CDTC035_divide_CDTC050,numeric
CDTP013_divide_CDTP015,numeric
CDTP001_divide_CDTP014,numeric
CDTP016_divide_CDTP030,numeric
CDTP028_divide_CDTP031,numeric
CDTP029_divide_CDTP032,numeric
CDTP033_divide_CDTP047,numeric
CDTP045_divide_CDTP059,numeric
CDTP046_divide_CDTP060,numeric
CDTP063_divide_CDTP061,numeric
CDTP064_divide_CDTP062,numeric
CDTP065_divide_CDTP077,numeric
CDTP092_divide_CDTP095,numeric
CDTP093_divide_CDTP096,numeric
CDTP094_divide_CDTP097,numeric
CDTP113_divide_CDTP098,numeric
CDTP127_divide_CDTP112,numeric
CDTP110_divide_CDTP125,numeric
CDTP111_divide_CDTP126,numeric
CDTP145_divide_CDTP147,numeric
CDTP144_divide_CDTP148,numeric
CDTP146_divide_CDTP149,numeric
CDTP150_divide_CDTP151,numeric
CDTP171_divide_CDTP172,numeric
CDTT015_divide_CDTT028,numeric
CDTT027_divide_CDTT040,numeric
CDTT043_divide_CDTT055,numeric
CDTT067_divide_CDTT080,numeric
CDTT079_divide_CDTT092,numeric
CDTT093_divide_CDTT096,numeric
CDTT094_divide_CDTT097,numeric
CDTT095_divide_CDTT098,numeric
CDTT105_divide_CDTT107,numeric
CDTC007_divide_CDTC009_diffrate,numeric
CDTP063_divide_CDTP061_diffrate,numeric
CDTB211_divide_CDTB213_diffrate,numeric
CDTB160_divide_CDTB182_diffrate,numeric
CDTB164_divide_CDTB186_diffrate,numeric
CDTB168_divide_CDTB190_diffrate,numeric
CDTB176_divide_CDTB198_diffrate,numeric
CDTB170_divide_CDTB192_diffrate,numeric
CDTB172_divide_CDTB194_diffrate,numeric
CDTB162_divide_CDTB184_diffrate,numeric
CDTB166_divide_CDTB188_diffrate,numeric
CDTB174_divide_CDTB196_diffrate,numeric
CDTB178_divide_CDTB200_diffrate,numeric
CDTB158_divide_CDTB180_diffrate,numeric
CDTC011_divide_CDTC013_diffrate,numeric
CDTT015_divide_CDTT028_diffrate,numeric
CDTB154_divide_CDTB156_diffrate,numeric
CDTT067_divide_CDTT080_diffrate,numeric
CDTP001_divide_CDTP014_diffrate,numeric
CDTB291_divide_CDTB295_diffrate,numeric
CDTB002_divide_CDTB017_diff,numeric
CDTB003_divide_CDTB018_diff,numeric
CDTB004_divide_CDTB019_diff,numeric
CDCT005_divide_CDCT008_diff,numeric
CDCT006_divide_CDCT009_diff,numeric
CDTP045_divide_CDTP059_diff,numeric
CDTP046_divide_CDTP060_diff,numeric
CDTC002_divide_CDTC005_diff,numeric
CDTC003_divide_CDTC006_diff,numeric
CDTT094_divide_CDTT097_diff,numeric
CDTT095_divide_CDTT098_diff,numeric
CDTB032_divide_CDTB046_diff,numeric
CDTB033_divide_CDTB047_diff,numeric
CDTC033_divide_CDTC048_diff,numeric
CDTC034_divide_CDTC049_diff,numeric
CDTC035_divide_CDTC050_diff,numeric
CDTP110_divide_CDTP125_diff,numeric
CDTP111_divide_CDTP126_diff,numeric
CDTP127_divide_CDTP112_diff,numeric
CDTP093_divide_CDTP096_diff,numeric
CDTP094_divide_CDTP097_diff,numeric
CDTB060_divide_CDTB063_diff,numeric
CDTB061_divide_CDTB064_diff,numeric
CDTB248_divide_CDTB250_diff,numeric
CDTP028_divide_CDTP031_diff,numeric
CDTP029_divide_CDTP032_diff,numeric
CDTP144_divide_CDTP148_diff,numeric
CDTP146_divide_CDTP149_diff,numeric
CDTB242_divide_CDTB245_diff,numeric
CDTB243_divide_CDTB246_diff,numeric
CDTB002_divide_CDTB017_diffrate,numeric
CDTB003_divide_CDTB018_diffrate,numeric
CDTB004_divide_CDTB019_diffrate,numeric
CDCT005_divide_CDCT008_diffrate,numeric
CDCT006_divide_CDCT009_diffrate,numeric
CDTP045_divide_CDTP059_diffrate,numeric
CDTP046_divide_CDTP060_diffrate,numeric
CDTC002_divide_CDTC005_diffrate,numeric
CDTC003_divide_CDTC006_diffrate,numeric
CDTT094_divide_CDTT097_diffrate,numeric
CDTT095_divide_CDTT098_diffrate,numeric
CDTB032_divide_CDTB046_diffrate,numeric
CDTB033_divide_CDTB047_diffrate,numeric
CDTC033_divide_CDTC048_diffrate,numeric
CDTC034_divide_CDTC049_diffrate,numeric
CDTC035_divide_CDTC050_diffrate,numeric
CDTP110_divide_CDTP125_diffrate,numeric
CDTP111_divide_CDTP126_diffrate,numeric
CDTP127_divide_CDTP112_diffrate,numeric
CDTP093_divide_CDTP096_diffrate,numeric
CDTP094_divide_CDTP097_diffrate,numeric
CDTB060_divide_CDTB063_diffrate,numeric
CDTB061_divide_CDTB064_diffrate,numeric
CDTB248_divide_CDTB250_diffrate,numeric
CDTP028_divide_CDTP031_diffrate,numeric
CDTP029_divide_CDTP032_diffrate,numeric
CDTP144_divide_CDTP148_diffrate,numeric
CDTP146_divide_CDTP149_diffrate,numeric
CDTB242_divide_CDTB245_diffrate,numeric
CDTB243_divide_CDTB246_diffrate,numeric
CDTB003_divide_CDTB018_diff2,numeric
CDTB004_divide_CDTB019_diff2,numeric
CDCT006_divide_CDCT009_diff2,numeric
CDTP046_divide_CDTP060_diff2,numeric
CDTC003_divide_CDTC006_diff2,numeric
CDTT095_divide_CDTT098_diff2,numeric
CDTB033_divide_CDTB047_diff2,numeric
CDTC034_divide_CDTC049_diff2,numeric
CDTC035_divide_CDTC050_diff2,numeric
CDTP111_divide_CDTP126_diff2,numeric
CDTP127_divide_CDTP112_diff2,numeric
CDTP094_divide_CDTP097_diff2,numeric
CDTB061_divide_CDTB064_diff2,numeric
CDTP029_divide_CDTP032_diff2,numeric
CDTP146_divide_CDTP149_diff2,numeric
CDTB243_divide_CDTB246_diff2,numeric
CDTB003_divide_CDTB018_diff2rate,numeric
CDTB004_divide_CDTB019_diff2rate,numeric
CDCT006_divide_CDCT009_diff2rate,numeric
CDTP046_divide_CDTP060_diff2rate,numeric
CDTC003_divide_CDTC006_diff2rate,numeric
CDTT095_divide_CDTT098_diff2rate,numeric
CDTB033_divide_CDTB047_diff2rate,numeric
CDTC034_divide_CDTC049_diff2rate,numeric
CDTC035_divide_CDTC050_diff2rate,numeric
CDTP111_divide_CDTP126_diff2rate,numeric
CDTP127_divide_CDTP112_diff2rate,numeric
CDTP094_divide_CDTP097_diff2rate,numeric
CDTB061_divide_CDTB064_diff2rate,numeric
CDTP029_divide_CDTP032_diff2rate,numeric
CDTP146_divide_CDTP149_diff2rate,numeric
CDTB243_divide_CDTB246_diff2rate,numeric
CDTC009_avgby_01_diffrate,numeric
CDTC007_avgby_01_diffrate,numeric
CDTP061_avgby_01_diffrate,numeric
CDTP063_avgby_01_diffrate,numeric
CDTB213_avgby_01_diffrate,numeric
CDTB211_avgby_01_diffrate,numeric
CDTB182_avgby_01_diffrate,numeric
CDTB160_avgby_01_diffrate,numeric
CDTB186_avgby_01_diffrate,numeric
CDTB164_avgby_01_diffrate,numeric
CDTB190_avgby_01_diffrate,numeric
CDTB168_avgby_01_diffrate,numeric
CDTB198_avgby_01_diffrate,numeric
CDTB176_avgby_01_diffrate,numeric
CDTB192_avgby_01_diffrate,numeric
CDTB170_avgby_01_diffrate,numeric
CDTB194_avgby_01_diffrate,numeric
CDTB172_avgby_01_diffrate,numeric
CDTB184_avgby_01_diffrate,numeric
CDTB162_avgby_01_diffrate,numeric
CDTB188_avgby_01_diffrate,numeric
CDTB166_avgby_01_diffrate,numeric
CDTB196_avgby_01_diffrate,numeric
CDTB174_avgby_01_diffrate,numeric
CDTB200_avgby_01_diffrate,numeric
CDTB178_avgby_01_diffrate,numeric
CDTB180_avgby_01_diffrate,numeric
CDTB158_avgby_01_diffrate,numeric
CDTC013_avgby_01_diffrate,numeric
CDTC011_avgby_01_diffrate,numeric
CDTT028_avgby_01_diffrate,numeric
CDTT015_avgby_01_diffrate,numeric
CDTB156_avgby_01_diffrate,numeric
CDTB154_avgby_01_diffrate,numeric
CDTP136_avgby_03_diffrate,numeric
CDTB247_avgby_01_diffrate,numeric
CDTT080_avgby_01_diffrate,numeric
CDTT067_avgby_01_diffrate,numeric
CDTP014_avgby_01_diffrate,numeric
CDTP001_avgby_01_diffrate,numeric
CDTB295_avgby_01_diffrate,numeric
CDTB291_avgby_01_diffrate,numeric
CDTP142_avgby_01_diffrate,numeric
CDTB239_avgby_01_diffrate,numeric
CDTB068_avgby_06_diff,numeric
CDTB069_avgby_12_diff,numeric
CDTB226_avgby_03_diff,numeric
CDTB228_avgby_06_diff,numeric
CDTB230_avgby_12_diff,numeric
CDTB237_avgby_06_diff,numeric
CDTB238_avgby_12_diff,numeric
CDTB233_avgby_03_diff,numeric
CDTB234_avgby_06_diff,numeric
CDTB235_avgby_12_diff,numeric
CDTB017_avgby_03_diff,numeric
CDTB018_avgby_06_diff,numeric
CDTB019_avgby_12_diff,numeric
CDTB002_avgby_03_diff,numeric
CDTB003_avgby_06_diff,numeric
CDTB004_avgby_12_diff,numeric
CDCT008_avgby_06_diff,numeric
CDCT009_avgby_12_diff,numeric
CDCT005_avgby_06_diff,numeric
CDCT006_avgby_12_diff,numeric
CDTP059_avgby_06_diff,numeric
CDTP060_avgby_12_diff,numeric
CDTP045_avgby_06_diff,numeric
CDTP046_avgby_12_diff,numeric
CDTC005_avgby_06_diff,numeric
CDTC006_avgby_12_diff,numeric
CDTC002_avgby_06_diff,numeric
CDTC003_avgby_12_diff,numeric
CDTT097_avgby_06_diff,numeric
CDTT098_avgby_12_diff,numeric
CDTT094_avgby_06_diff,numeric
CDTT095_avgby_12_diff,numeric
CDTB046_avgby_06_diff,numeric
CDTB047_avgby_12_diff,numeric
CDTB032_avgby_06_diff,numeric
CDTB033_avgby_12_diff,numeric
CDTC048_avgby_03_diff,numeric
CDTC049_avgby_06_diff,numeric
CDTC050_avgby_12_diff,numeric
CDTC033_avgby_03_diff,numeric
CDTC034_avgby_06_diff,numeric
CDTC035_avgby_12_diff,numeric
CDTP125_avgby_03_diff,numeric
CDTP126_avgby_06_diff,numeric
CDTP112_avgby_12_diff,numeric
CDTP110_avgby_03_diff,numeric
CDTP111_avgby_06_diff,numeric
CDTP127_avgby_12_diff,numeric
CDTP096_avgby_06_diff,numeric
CDTP097_avgby_12_diff,numeric
CDTP093_avgby_06_diff,numeric
CDTP094_avgby_12_diff,numeric
CDTB063_avgby_06_diff,numeric
CDTB064_avgby_12_diff,numeric
CDTB060_avgby_06_diff,numeric
CDTB061_avgby_12_diff,numeric
CDTB250_avgby_06_diff,numeric
CDTB251_avgby_12_diff,numeric
CDTP031_avgby_06_diff,numeric
CDTP032_avgby_12_diff,numeric
CDTP028_avgby_06_diff,numeric
CDTP029_avgby_12_diff,numeric
CDTP148_avgby_06_diff,numeric
CDTP149_avgby_12_diff,numeric
CDTP144_avgby_06_diff,numeric
CDTP146_avgby_12_diff,numeric
CDTB245_avgby_06_diff,numeric
CDTB246_avgby_12_diff,numeric
CDTB242_avgby_06_diff,numeric
CDTB243_avgby_12_diff,numeric
CDTB068_avgby_06_diffrate,numeric
CDTB069_avgby_12_diffrate,numeric
CDTB226_avgby_03_diffrate,numeric
CDTB228_avgby_06_diffrate,numeric
CDTB230_avgby_12_diffrate,numeric
CDTB237_avgby_06_diffrate,numeric
CDTB238_avgby_12_diffrate,numeric
CDTB233_avgby_03_diffrate,numeric
CDTB234_avgby_06_diffrate,numeric
CDTB235_avgby_12_diffrate,numeric
CDTB017_avgby_03_diffrate,numeric
CDTB018_avgby_06_diffrate,numeric
CDTB019_avgby_12_diffrate,numeric
CDTB002_avgby_03_diffrate,numeric
CDTB003_avgby_06_diffrate,numeric
CDTB004_avgby_12_diffrate,numeric
CDCT008_avgby_06_diffrate,numeric
CDCT009_avgby_12_diffrate,numeric
CDCT005_avgby_06_diffrate,numeric
CDCT006_avgby_12_diffrate,numeric
CDTP059_avgby_06_diffrate,numeric
CDTP060_avgby_12_diffrate,numeric
CDTP045_avgby_06_diffrate,numeric
CDTP046_avgby_12_diffrate,numeric
CDTC005_avgby_06_diffrate,numeric
CDTC006_avgby_12_diffrate,numeric
CDTC002_avgby_06_diffrate,numeric
CDTC003_avgby_12_diffrate,numeric
CDTT097_avgby_06_diffrate,numeric
CDTT098_avgby_12_diffrate,numeric
CDTT094_avgby_06_diffrate,numeric
CDTT095_avgby_12_diffrate,numeric
CDTB046_avgby_06_diffrate,numeric
CDTB047_avgby_12_diffrate,numeric
CDTB032_avgby_06_diffrate,numeric
CDTB033_avgby_12_diffrate,numeric
CDTC048_avgby_03_diffrate,numeric
CDTC049_avgby_06_diffrate,numeric
CDTC050_avgby_12_diffrate,numeric
CDTC033_avgby_03_diffrate,numeric
CDTC034_avgby_06_diffrate,numeric
CDTC035_avgby_12_diffrate,numeric
CDTP125_avgby_03_diffrate,numeric
CDTP126_avgby_06_diffrate,numeric
CDTP112_avgby_12_diffrate,numeric
CDTP110_avgby_03_diffrate,numeric
CDTP111_avgby_06_diffrate,numeric
CDTP127_avgby_12_diffrate,numeric
CDTP096_avgby_06_diffrate,numeric
CDTP097_avgby_12_diffrate,numeric
CDTP093_avgby_06_diffrate,numeric
CDTP094_avgby_12_diffrate,numeric
CDTB063_avgby_06_diffrate,numeric
CDTB064_avgby_12_diffrate,numeric
CDTB060_avgby_06_diffrate,numeric
CDTB061_avgby_12_diffrate,numeric
CDTB250_avgby_06_diffrate,numeric
CDTB251_avgby_12_diffrate,numeric
CDTP031_avgby_06_diffrate,numeric
CDTP032_avgby_12_diffrate,numeric
CDTP028_avgby_06_diffrate,numeric
CDTP029_avgby_12_diffrate,numeric
CDTP148_avgby_06_diffrate,numeric
CDTP149_avgby_12_diffrate,numeric
CDTP144_avgby_06_diffrate,numeric
CDTP146_avgby_12_diffrate,numeric
CDTB245_avgby_06_diffrate,numeric
CDTB246_avgby_12_diffrate,numeric
CDTB242_avgby_06_diffrate,numeric
CDTB243_avgby_12_diffrate,numeric
CDTB069_avgby_12_diff2,numeric
CDTB228_avgby_06_diff2,numeric
CDTB230_avgby_12_diff2,numeric
CDTB238_avgby_12_diff2,numeric
CDTB234_avgby_06_diff2,numeric
CDTB235_avgby_12_diff2,numeric
CDTB018_avgby_06_diff2,numeric
CDTB019_avgby_12_diff2,numeric
CDTB003_avgby_06_diff2,numeric
CDTB004_avgby_12_diff2,numeric
CDCT009_avgby_12_diff2,numeric
CDCT006_avgby_12_diff2,numeric
CDTP060_avgby_12_diff2,numeric
CDTP046_avgby_12_diff2,numeric
CDTC006_avgby_12_diff2,numeric
CDTC003_avgby_12_diff2,numeric
CDTT098_avgby_12_diff2,numeric
CDTT095_avgby_12_diff2,numeric
CDTB047_avgby_12_diff2,numeric
CDTB033_avgby_12_diff2,numeric
CDTC049_avgby_06_diff2,numeric
CDTC050_avgby_12_diff2,numeric
CDTC034_avgby_06_diff2,numeric
CDTC035_avgby_12_diff2,numeric
CDTP126_avgby_06_diff2,numeric
CDTP112_avgby_12_diff2,numeric
CDTP111_avgby_06_diff2,numeric
CDTP127_avgby_12_diff2,numeric
CDTP097_avgby_12_diff2,numeric
CDTP094_avgby_12_diff2,numeric
CDTB064_avgby_12_diff2,numeric
CDTB061_avgby_12_diff2,numeric
CDTB251_avgby_12_diff2,numeric
CDTP032_avgby_12_diff2,numeric
CDTP029_avgby_12_diff2,numeric
CDTP149_avgby_12_diff2,numeric
CDTP146_avgby_12_diff2,numeric
CDTB246_avgby_12_diff2,numeric
CDTB243_avgby_12_diff2,numeric
CDTB069_avgby_12_diff2rate,numeric
CDTB228_avgby_06_diff2rate,numeric
CDTB230_avgby_12_diff2rate,numeric
CDTB238_avgby_12_diff2rate,numeric
CDTB234_avgby_06_diff2rate,numeric
CDTB235_avgby_12_diff2rate,numeric
CDTB018_avgby_06_diff2rate,numeric
CDTB019_avgby_12_diff2rate,numeric
CDTB003_avgby_06_diff2rate,numeric
CDTB004_avgby_12_diff2rate,numeric
CDCT009_avgby_12_diff2rate,numeric
CDCT006_avgby_12_diff2rate,numeric
CDTP060_avgby_12_diff2rate,numeric
CDTP046_avgby_12_diff2rate,numeric
CDTC006_avgby_12_diff2rate,numeric
CDTC003_avgby_12_diff2rate,numeric
CDTT098_avgby_12_diff2rate,numeric
CDTT095_avgby_12_diff2rate,numeric
CDTB047_avgby_12_diff2rate,numeric
CDTB033_avgby_12_diff2rate,numeric
CDTC049_avgby_06_diff2rate,numeric
CDTC050_avgby_12_diff2rate,numeric
CDTC034_avgby_06_diff2rate,numeric
CDTC035_avgby_12_diff2rate,numeric
CDTP126_avgby_06_diff2rate,numeric
CDTP112_avgby_12_diff2rate,numeric
CDTP111_avgby_06_diff2rate,numeric
CDTP127_avgby_12_diff2rate,numeric
CDTP097_avgby_12_diff2rate,numeric
CDTP094_avgby_12_diff2rate,numeric
CDTB064_avgby_12_diff2rate,numeric
CDTB061_avgby_12_diff2rate,numeric
CDTB251_avgby_12_diff2rate,numeric
CDTP032_avgby_12_diff2rate,numeric
CDTP029_avgby_12_diff2rate,numeric
CDTP149_avgby_12_diff2rate,numeric
CDTP146_avgby_12_diff2rate,numeric
CDTB246_avgby_12_diff2rate,numeric
CDTB243_avgby_12_diff2rate,numeric
cnt_installment_sum,numeric
cnt_wdnwt_sum,numeric
amt_wdnwt_sum,numeric
cnt_wdwt_sum,numeric
amt_wdwt_sum,numeric
cnt_trade_sum,numeric
cnt_cash_sum,numeric
amt_cash_sum,numeric
cnt_consum_sum,numeric
cnt_consumc_sum,numeric
amt_consumc_sum,numeric
cnt_bankc_sum,numeric
amt_bankc_sum,numeric
cnt_wked_sum,numeric
amt_wked_sum,numeric
amt_out_sum,numeric
amt_in_sum,numeric
cnt_installment_mean,numeric
cnt_wdnwt_mean,numeric
amt_wdnwt_mean,numeric
cnt_wdwt_mean,numeric
amt_wdwt_mean,numeric
cnt_trade_mean,numeric
cnt_cash_mean,numeric
amt_cash_mean,numeric
cnt_consum_mean,numeric
cnt_consumc_mean,numeric
amt_consumc_mean,numeric
cnt_bankc_mean,numeric
amt_bankc_mean,numeric
cnt_wked_mean,numeric
amt_wked_mean,numeric
amt_out_mean,numeric
amt_in_mean,numeric
cnt_installment_var,numeric
cnt_wdnwt_var,numeric
amt_wdnwt_var,numeric
cnt_wdwt_var,numeric
amt_wdwt_var,numeric
cnt_trade_var,numeric
cnt_cash_var,numeric
amt_cash_var,numeric
cnt_consum_var,numeric
cnt_consumc_var,numeric
amt_consumc_var,numeric
cnt_bankc_var,numeric
amt_bankc_var,numeric
cnt_wked_var,numeric
amt_wked_var,numeric
amt_out_var,numeric
amt_in_var,numeric
cnt_installment_median,numeric
cnt_wdnwt_median,numeric
amt_wdnwt_median,numeric
cnt_wdwt_median,numeric
amt_wdwt_median,numeric
cnt_trade_median,numeric
cnt_cash_median,numeric
amt_cash_median,numeric
cnt_consum_median,numeric
cnt_consumc_median,numeric
amt_consumc_median,numeric
cnt_bankc_median,numeric
amt_bankc_median,numeric
cnt_wked_median,numeric
amt_wked_median,numeric
amt_out_median,numeric
amt_in_median,numeric
cnt_installment_sum_3p,numeric
cnt_wdnwt_sum_3p,numeric
amt_wdnwt_sum_3p,numeric
cnt_wdwt_sum_3p,numeric
amt_wdwt_sum_3p,numeric
cnt_trade_sum_3p,numeric
cnt_cash_sum_3p,numeric
amt_cash_sum_3p,numeric
cnt_consum_sum_3p,numeric
cnt_consumc_sum_3p,numeric
amt_consumc_sum_3p,numeric
cnt_bankc_sum_3p,numeric
amt_bankc_sum_3p,numeric
cnt_wked_sum_3p,numeric
amt_wked_sum_3p,numeric
amt_out_sum_3p,numeric
amt_in_sum_3p,numeric
cnt_installment_mean_3p,numeric
cnt_wdnwt_mean_3p,numeric
amt_wdnwt_mean_3p,numeric
cnt_wdwt_mean_3p,numeric
amt_wdwt_mean_3p,numeric
cnt_trade_mean_3p,numeric
cnt_cash_mean_3p,numeric
amt_cash_mean_3p,numeric
cnt_consum_mean_3p,numeric
cnt_consumc_mean_3p,numeric
amt_consumc_mean_3p,numeric
cnt_bankc_mean_3p,numeric
amt_bankc_mean_3p,numeric
cnt_wked_mean_3p,numeric
amt_wked_mean_3p,numeric
amt_out_mean_3p,numeric
amt_in_mean_3p,numeric
cnt_installment_var_3p,numeric
cnt_wdnwt_var_3p,numeric
amt_wdnwt_var_3p,numeric
cnt_wdwt_var_3p,numeric
amt_wdwt_var_3p,numeric
cnt_trade_var_3p,numeric
cnt_cash_var_3p,numeric
amt_cash_var_3p,numeric
cnt_consum_var_3p,numeric
cnt_consumc_var_3p,numeric
amt_consumc_var_3p,numeric
cnt_bankc_var_3p,numeric
amt_bankc_var_3p,numeric
cnt_wked_var_3p,numeric
amt_wked_var_3p,numeric
amt_out_var_3p,numeric
amt_in_var_3p,numeric
cnt_installment_median_3p,numeric
cnt_wdnwt_median_3p,numeric
amt_wdnwt_median_3p,numeric
cnt_wdwt_median_3p,numeric
amt_wdwt_median_3p,numeric
cnt_trade_median_3p,numeric
cnt_cash_median_3p,numeric
amt_cash_median_3p,numeric
cnt_consum_median_3p,numeric
cnt_consumc_median_3p,numeric
amt_consumc_median_3p,numeric
cnt_bankc_median_3p,numeric
amt_bankc_median_3p,numeric
cnt_wked_median_3p,numeric
amt_wked_median_3p,numeric
amt_out_median_3p,numeric
amt_in_median_3p,numeric
CDMC024_amt_sub_1206,numeric
CDMC036_amt_sub_1206,numeric
CDMC086_amt_sub_1206,numeric
CDMC208_amt_sub_1206,numeric
CDMC064_amt_sub_1206,numeric
CDMC003_amt_sub_1206,numeric
CDMC009_amt_sub_1206,numeric
CDMC104_amt_sub_1206,numeric
CDMC162_amt_sub_1206,numeric
CDTB230_amt_sub_1206,numeric
CDTB238_amt_sub_1206,numeric
CDTB235_amt_sub_1206,numeric
CDMC214_amt_sub_1206,numeric
CDMC134_amt_sub_1206,numeric
CDMC140_amt_sub_1206,numeric
CDMC146_amt_sub_1206,numeric
CDMC249_amt_sub_1206,numeric
CDMC070_amt_sub_1206,numeric
CDMC168_amt_sub_1206,numeric
CDMC042_amt_sub_1206,numeric
CDMC092_amt_sub_1206,numeric
CDTB004_amt_sub_1206,numeric
CDCT006_amt_sub_1206,numeric
CDMC180_amt_sub_1206,numeric
CDMC113_amt_sub_1206,numeric
CDMC156_amt_sub_1206,numeric
CDMC254_amt_sub_1206,numeric
CDTP046_amt_sub_1206,numeric
CDMC080_amt_sub_1206,numeric
CDMC048_amt_sub_1206,numeric
CDMC174_amt_sub_1206,numeric
CDTC003_amt_sub_1206,numeric
CDMC122_amt_sub_1206,numeric
CDTT095_amt_sub_1206,numeric
CDTB033_amt_sub_1206,numeric
CDTC035_amt_sub_1206,numeric
CDMC098_amt_sub_1206,numeric
CDMC196_amt_sub_1206,numeric
CDMC014_amt_sub_1206,numeric
CDMC260_amt_sub_1206,numeric
CDMC128_amt_sub_1206,numeric
CDTP127_amt_sub_1206,numeric
CDMC030_amt_sub_1206,numeric
CDTP094_amt_sub_1206,numeric
CDMC202_amt_sub_1206,numeric
CDMC054_amt_sub_1206,numeric
CDMC186_amt_sub_1206,numeric
CDTP029_amt_sub_1206,numeric
CDTP146_amt_sub_1206,numeric
CDTB243_amt_sub_1206,numeric
CDMC027_cnt_sub_1206,numeric
CDMC039_cnt_sub_1206,numeric
CDMC089_cnt_sub_1206,numeric
CDMC211_cnt_sub_1206,numeric
CDMC067_cnt_sub_1206,numeric
CDMC006_cnt_sub_1206,numeric
CDMC165_cnt_sub_1206,numeric
CDMC217_cnt_sub_1206,numeric
CDMC137_cnt_sub_1206,numeric
CDMC143_cnt_sub_1206,numeric
CDMC149_cnt_sub_1206,numeric
CDMC073_cnt_sub_1206,numeric
CDMC171_cnt_sub_1206,numeric
CDMC045_cnt_sub_1206,numeric
CDMC095_cnt_sub_1206,numeric
CDTB019_cnt_sub_1206,numeric
CDCT009_cnt_sub_1206,numeric
CDMC183_cnt_sub_1206,numeric
CDMC159_cnt_sub_1206,numeric
CDMC257_cnt_sub_1206,numeric
CDTP060_cnt_sub_1206,numeric
CDMC083_cnt_sub_1206,numeric
CDMC051_cnt_sub_1206,numeric
CDMC177_cnt_sub_1206,numeric
CDTC006_cnt_sub_1206,numeric
CDMC125_cnt_sub_1206,numeric
CDTT098_cnt_sub_1206,numeric
CDTB047_cnt_sub_1206,numeric
CDTC050_cnt_sub_1206,numeric
CDMC101_cnt_sub_1206,numeric
CDMC199_cnt_sub_1206,numeric
CDMC017_cnt_sub_1206,numeric
CDMC131_cnt_sub_1206,numeric
CDTP112_cnt_sub_1206,numeric
CDMC033_cnt_sub_1206,numeric
CDTP097_cnt_sub_1206,numeric
CDTB251_cnt_sub_1206,numeric
CDMC205_cnt_sub_1206,numeric
CDMC057_cnt_sub_1206,numeric
CDMC189_cnt_sub_1206,numeric
CDTP032_cnt_sub_1206,numeric
CDTP149_cnt_sub_1206,numeric
CDTB246_cnt_sub_1206,numeric
CDMC288_cct_sub_1206,numeric
CDTB094_cct_sub_1206,numeric
CDCT022_cct_sub_1206,numeric
CDMC024_1206_div_mc,numeric
CDMC036_1206_div_mc,numeric
CDMC086_1206_div_mc,numeric
CDMC208_1206_div_mc,numeric
CDMC064_1206_div_mc,numeric
CDMC003_1206_div_mc,numeric
CDMC162_1206_div_mc,numeric
CDMC214_1206_div_mc,numeric
CDMC134_1206_div_mc,numeric
CDMC140_1206_div_mc,numeric
CDMC146_1206_div_mc,numeric
CDMC070_1206_div_mc,numeric
CDMC168_1206_div_mc,numeric
CDMC042_1206_div_mc,numeric
CDMC092_1206_div_mc,numeric
CDTB004_1206_div_mc,numeric
CDCT006_1206_div_mc,numeric
CDMC180_1206_div_mc,numeric
CDMC156_1206_div_mc,numeric
CDMC254_1206_div_mc,numeric
CDTP046_1206_div_mc,numeric
CDMC080_1206_div_mc,numeric
CDMC048_1206_div_mc,numeric
CDMC174_1206_div_mc,numeric
CDTC003_1206_div_mc,numeric
CDMC122_1206_div_mc,numeric
CDTT095_1206_div_mc,numeric
CDTB033_1206_div_mc,numeric
CDTC035_1206_div_mc,numeric
CDMC098_1206_div_mc,numeric
CDMC196_1206_div_mc,numeric
CDMC014_1206_div_mc,numeric
CDMC128_1206_div_mc,numeric
CDTP127_1206_div_mc,numeric
CDMC030_1206_div_mc,numeric
CDTP094_1206_div_mc,numeric
CDMC202_1206_div_mc,numeric
CDMC054_1206_div_mc,numeric
CDMC186_1206_div_mc,numeric
CDTP029_1206_div_mc,numeric
CDTP146_1206_div_mc,numeric
CDTB243_1206_div_mc,numeric
bnknm_is_na,numeric
bnknm_isin_4big,numeric
bnknm_is_postal,numeric
m1m6_mstcnt_shp_issame,numeric
m1m6_mstamt_shp_issame,numeric
m1_mstcntamt_shp_issame,numeric
m6_mstcntamt_shp_issame,numeric
m12_crssbdr_transact_mstcountry_contains_canada,numeric
m12_crssbdr_transact_mstcountry_isna,numeric
m6_transact_channel_is_07,numeric
m6_transact_channel_is_na,numeric
m6_transact_channel_is_01,numeric
m6_transact_channel_is_03,numeric
bnkcrdtype_is_na,numeric
bnkcrdtype_is_agro,numeric
bnkcrdtype_is_tour,numeric
bnkcrdtype_is_other,numeric
bnkcrdlvl_is_na,numeric
bnkcrdlvl_is_gold,numeric
bnkcrdlvl_is_lkt,numeric
bnkcrdlvl_is_jst,numeric
bnkcrdlvl_is_mdk,numeric
bnkcrdlvl_is_etimes,numeric
bnkcrdlvl_is_lkcx,numeric
bnkcrdlvl_is_fn,numeric
bnkcrdlvl_is_jjicgrp,numeric
bnkcrdlvl_is_iclkt,numeric
bnkcrdlvl_is_lcjk,numeric
bnkcrdlvl_is_jric,numeric
bnkcrdlvl_is_lt,numeric
bnkcrdlvl_is_yg,numeric
bnkcrdlvl_is_other,numeric
latesttrans_vintage,numeric
latesttrans1_vintage,numeric
CDCT017_is_na_num,numeric
CDCT018_is_na_num,numeric
CDCT019_is_na_num,numeric
CDCT017_is_s22,numeric
CDCT018_is_s22,numeric
CDCT019_is_s22,numeric
CDCT017_is_s24,numeric
CDCT018_is_s24,numeric
CDCT019_is_s24,numeric
CDCT017_is_s56,numeric
CDCT018_is_s56,numeric
CDCT019_is_s56,numeric
CDMC295_is_na_num,numeric
CDMC302_is_na_num,numeric
CDMC309_is_na_num,numeric
CDMC316_is_na_num,numeric
CDMC323_is_na_num,numeric
CDMC289_is_na_num,numeric
CDMC296_is_na_num,numeric
CDMC303_is_na_num,numeric
CDMC310_is_na_num,numeric
CDMC317_is_na_num,numeric
CDMC292_is_na_num,numeric
CDMC299_is_na_num,numeric
CDMC306_is_na_num,numeric
CDMC313_is_na_num,numeric
CDMC320_is_na_num,numeric
CDMC295_is_4814,numeric
CDMC302_is_4814,numeric
CDMC309_is_4814,numeric
CDMC316_is_4814,numeric
CDMC323_is_4814,numeric
CDMC289_is_4814,numeric
CDMC296_is_4814,numeric
CDMC303_is_4814,numeric
CDMC310_is_4814,numeric
CDMC317_is_4814,numeric
CDMC292_is_4814,numeric
CDMC299_is_4814,numeric
CDMC306_is_4814,numeric
CDMC313_is_4814,numeric
CDMC320_is_4814,numeric
CDMC295_is_5933,numeric
CDMC302_is_5933,numeric
CDMC309_is_5933,numeric
CDMC316_is_5933,numeric
CDMC323_is_5933,numeric
CDMC289_is_5933,numeric
CDMC296_is_5933,numeric
CDMC303_is_5933,numeric
CDMC310_is_5933,numeric
CDMC317_is_5933,numeric
CDMC292_is_5933,numeric
CDMC299_is_5933,numeric
CDMC306_is_5933,numeric
CDMC313_is_5933,numeric
CDMC320_is_5933,numeric
CDMC295_is_6011,numeric
CDMC302_is_6011,numeric
CDMC309_is_6011,numeric
CDMC316_is_6011,numeric
CDMC323_is_6011,numeric
CDMC289_is_6011,numeric
CDMC296_is_6011,numeric
CDMC303_is_6011,numeric
CDMC310_is_6011,numeric
CDMC317_is_6011,numeric
CDMC292_is_6011,numeric
CDMC299_is_6011,numeric
CDMC306_is_6011,numeric
CDMC313_is_6011,numeric
CDMC320_is_6011,numeric
CDMC295_is_4900,numeric
CDMC302_is_4900,numeric
CDMC309_is_4900,numeric
CDMC316_is_4900,numeric
CDMC323_is_4900,numeric
CDMC289_is_4900,numeric
CDMC296_is_4900,numeric
CDMC303_is_4900,numeric
CDMC310_is_4900,numeric
CDMC317_is_4900,numeric
CDMC292_is_4900,numeric
CDMC299_is_4900,numeric
CDMC306_is_4900,numeric
CDMC313_is_4900,numeric
CDMC320_is_4900,numeric
CDMC295_is_4899,numeric
CDMC302_is_4899,numeric
CDMC309_is_4899,numeric
CDMC316_is_4899,numeric
CDMC323_is_4899,numeric
CDMC289_is_4899,numeric
CDMC296_is_4899,numeric
CDMC303_is_4899,numeric
CDMC310_is_4899,numeric
CDMC317_is_4899,numeric
CDMC292_is_4899,numeric
CDMC299_is_4899,numeric
CDMC306_is_4899,numeric
CDMC313_is_4899,numeric
CDMC320_is_4899,numeric
CDMC295_is_5960,numeric
CDMC302_is_5960,numeric
CDMC309_is_5960,numeric
CDMC316_is_5960,numeric
CDMC323_is_5960,numeric
CDMC289_is_5960,numeric
CDMC296_is_5960,numeric
CDMC303_is_5960,numeric
CDMC310_is_5960,numeric
CDMC317_is_5960,numeric
CDMC292_is_5960,numeric
CDMC299_is_5960,numeric
CDMC306_is_5960,numeric
CDMC313_is_5960,numeric
CDMC320_is_5960,numeric
CDMC295_is_9498,numeric
CDMC302_is_9498,numeric
CDMC309_is_9498,numeric
CDMC316_is_9498,numeric
CDMC323_is_9498,numeric
CDMC289_is_9498,numeric
CDMC296_is_9498,numeric
CDMC303_is_9498,numeric
CDMC310_is_9498,numeric
CDMC317_is_9498,numeric
CDMC292_is_9498,numeric
CDMC299_is_9498,numeric
CDMC306_is_9498,numeric
CDMC313_is_9498,numeric
CDMC320_is_9498,numeric
CDMC295_is_5398,numeric
CDMC302_is_5398,numeric
CDMC309_is_5398,numeric
CDMC316_is_5398,numeric
CDMC323_is_5398,numeric
CDMC289_is_5398,numeric
CDMC296_is_5398,numeric
CDMC303_is_5398,numeric
CDMC310_is_5398,numeric
CDMC317_is_5398,numeric
CDMC292_is_5398,numeric
CDMC299_is_5398,numeric
CDMC306_is_5398,numeric
CDMC313_is_5398,numeric
CDMC320_is_5398,numeric
CDMC295_is_6012,numeric
CDMC302_is_6012,numeric
CDMC309_is_6012,numeric
CDMC316_is_6012,numeric
CDMC323_is_6012,numeric
CDMC289_is_6012,numeric
CDMC296_is_6012,numeric
CDMC303_is_6012,numeric
CDMC310_is_6012,numeric
CDMC317_is_6012,numeric
CDMC292_is_6012,numeric
CDMC299_is_6012,numeric
CDMC306_is_6012,numeric
CDMC313_is_6012,numeric
CDMC320_is_6012,numeric
CDMC295_is_8398,numeric
CDMC302_is_8398,numeric
CDMC309_is_8398,numeric
CDMC316_is_8398,numeric
CDMC323_is_8398,numeric
CDMC289_is_8398,numeric
CDMC296_is_8398,numeric
CDMC303_is_8398,numeric
CDMC310_is_8398,numeric
CDMC317_is_8398,numeric
CDMC292_is_8398,numeric
CDMC299_is_8398,numeric
CDMC306_is_8398,numeric
CDMC313_is_8398,numeric
CDMC320_is_8398,numeric
CDMC295_is_5411,numeric
CDMC302_is_5411,numeric
CDMC309_is_5411,numeric
CDMC316_is_5411,numeric
CDMC323_is_5411,numeric
CDMC289_is_5411,numeric
CDMC296_is_5411,numeric
CDMC303_is_5411,numeric
CDMC310_is_5411,numeric
CDMC317_is_5411,numeric
CDMC292_is_5411,numeric
CDMC299_is_5411,numeric
CDMC306_is_5411,numeric
CDMC313_is_5411,numeric
CDMC320_is_5411,numeric
CDTB150_is_na_num,numeric
CDTB151_is_na_num,numeric
CDTB268_is_na_num,numeric
CDTB269_is_na_num,numeric
CDTB270_is_na_num,numeric
CDTB275_is_na_num,numeric
CDTB280_is_na_num,numeric
CDTB285_is_na_num,numeric
CDTB272_is_na_num,numeric
CDTB277_is_na_num,numeric
CDTB282_is_na_num,numeric
CDTC058_is_na_num,numeric
CDTC059_is_na_num,numeric
CDTC060_is_na_num,numeric
CDTB153_is_na_num,numeric
CDTB150_length,numeric
CDTB151_length,numeric
CDTB268_length,numeric
CDTB269_length,numeric
CDTB270_length,numeric
CDTB275_length,numeric
CDTB280_length,numeric
CDTB285_length,numeric
CDTB272_length,numeric
CDTB277_length,numeric
CDTB282_length,numeric
CDTC058_length,numeric
CDTC059_length,numeric
CDTC060_length,numeric
CDTB153_length,numeric